country,region,net_revenue,pct_net_revenue,orders,customers,avg_order_value,net_revenue_per_customer,cancellation_rate_pct
United Kingdom,United Kingdom,16168942.53,85.43,36184,5334,464.32,2561.12,3.76
EIRE,Europe (ex UK),603116.61,3.19,581,3,1073.0,189192.38,3.26
Netherlands,Europe (ex UK),546095.43,2.89,216,22,2545.25,24822.52,0.67
Germany,Europe (ex UK),374573.51,1.98,753,107,509.02,3500.69,2.27
France,Europe (ex UK),293431.20,1.55,598,93,520.22,3137.03,5.68
Australia,Rest of world,166282.15,0.88,89,15,1885.39,11085.48,0.9
Switzerland,Europe (ex UK),92918.06,0.49,85,22,1106.17,4195.2,1.18
Spain,Europe (ex UK),84811.56,0.45,144,38,678.94,2231.88,13.25
Sweden,Europe (ex UK),84345.17,0.45,99,19,871.91,4424.8,2.29
Denmark,Europe (ex UK),63355.59,0.33,42,12,1605.3,5279.63,6.03
Belgium,Europe (ex UK),56598.89,0.3,143,29,398.55,1951.69,0.69
Portugal,Europe (ex UK),46707.99,0.25,85,23,556.92,1999.1,1.33
Channel Islands,Europe (ex UK),41841.81,0.22,54,13,815.38,3218.6,4.97
Japan,Rest of world,39746.77,0.21,33,10,1303.75,3974.68,7.62
Norway,Europe (ex UK),38413.68,0.2,39,12,989.11,3201.14,0.42
Italy,Europe (ex UK),28226.80,0.15,59,17,490.47,1660.4,2.46
Finland,Europe (ex UK),25089.66,0.13,54,13,466.3,1929.97,0.36
Cyprus,Europe (ex UK),23987.56,0.13,35,11,699.55,2180.69,2.03
Austria,Europe (ex UK),20071.60,0.11,40,13,507.43,1543.97,1.11
Greece,Europe (ex UK),18660.49,0.1,18,5,1039.51,3732.1,0.27
Hong Kong,Rest of world,13655.50,0.07,9,0,1518.49,,0.08
Singapore,Rest of world,13158.16,0.07,8,1,1644.77,13158.16,
Israel,Rest of world,11101.37,0.06,10,4,1132.88,2546.95,2.01
Unspecified,Unspecified,10905.16,0.06,24,6,455.3,1432.86,0.2
Poland,Europe (ex UK),9839.93,0.05,28,6,364.8,1639.99,3.67
United Arab Emirates,Rest of world,9628.15,0.05,12,4,856.1,2191.55,6.28
USA,Rest of world,5839.69,0.03,16,8,495.0,729.96,26.27
Iceland,Europe (ex UK),4921.53,0.03,8,1,615.19,4921.53,
Lithuania,Europe (ex UK),4892.68,0.03,6,1,815.45,4892.68,
Malta,Europe (ex UK),4667.22,0.02,7,2,679.62,2333.61,1.89
Canada,Rest of world,4332.10,0.02,7,5,618.87,866.42,
RSA,Rest of world,3369.03,0.02,3,2,1123.01,966.87,
Thailand,Rest of world,3070.54,0.02,2,1,1535.27,3070.54,
Bahrain,Rest of world,2861.55,0.02,10,2,310.98,677.19,7.98
Lebanon,Rest of world,1905.58,0.01,2,1,952.79,1693.88,
Brazil,Rest of world,1411.87,0.01,2,2,705.94,705.94,
Bermuda,Rest of world,1253.14,0.01,1,0,1253.14,,
European Community,Europe (ex UK),1150.75,0.01,3,1,386.42,1150.75,0.73
Korea,Rest of world,949.82,0.01,2,2,559.26,474.91,15.08
Czech Republic,Europe (ex UK),671.72,0.0,2,1,393.37,671.72,14.62
West Indies,Rest of world,536.41,0.0,1,1,536.41,536.41,
Saudi Arabia,Rest of world,131.17,0.0,1,1,145.92,131.17,10.11
Nigeria,Rest of world,-34.48,-0.0,1,1,112.57,112.57,130.63
