invoice_month,month_label,is_complete_month,gross_sales,cancellations,net_revenue,units_sold,orders,cancellation_notes,active_customers,new_customers,returning_customers,avg_order_value,cancellation_rate_pct,yoy_net_revenue_pct
2009-12-01,2009-12,true,797901.16,-19558.08,778343.08,425218,1666,379,951,951,0,478.93,2.45,
2010-01-01,2010-01,true,612297.42,-7465.63,604831.79,390412,1049,241,701,368,333,583.7,1.22,
2010-02-01,2010-02,true,537909.67,-12575.44,525334.23,381620,1189,219,771,375,396,452.41,2.34,
2010-03-01,2010-03,true,761705.98,-9603.85,752102.13,525042,1647,351,1051,441,610,462.48,1.26,
2010-04-01,2010-04,true,646340.93,-10025.26,636315.67,366065,1435,263,939,294,645,450.41,1.55,
2010-05-01,2010-05,true,643492.03,-37192.89,606299.14,395438,1484,387,965,255,710,433.62,5.78,
2010-06-01,2010-06,true,696583.19,-26336.86,670246.33,406238,1612,318,1034,267,767,432.12,3.78,
2010-07-01,2010-07,true,632994.32,-17132.73,615861.59,337556,1507,314,924,185,739,420.04,2.71,
2010-08-01,2010-08,true,674037.72,-12397.60,661640.12,471931,1402,242,910,163,747,480.77,1.84,
2010-09-01,2010-09,true,869243.12,-27686.42,841556.70,583366,1789,319,1136,239,897,485.88,3.19,
2010-10-01,2010-10,true,1094435.98,-25451.07,1068984.91,619511,2244,406,1492,375,1117,487.72,2.33,
2010-11-01,2010-11,true,1429700.78,-35098.98,1394601.80,724263,2719,544,1606,326,1280,525.82,2.45,
2010-12-01,2010-12,true,775638.36,-17547.86,758090.50,357529,1550,301,884,76,808,500.41,2.26,-2.6
2011-01-01,2011-01,true,670380.24,-91525.05,578855.19,386738,1081,247,739,72,667,620.15,13.65,-4.3
2011-02-01,2011-02,true,507799.87,-8335.52,499464.35,282627,1093,191,757,125,632,464.59,1.64,-4.9
2011-03-01,2011-03,true,689833.51,-10504.30,679329.21,376182,1440,281,973,179,794,479.05,1.52,-9.7
2011-04-01,2011-04,true,515377.99,-33316.06,482061.93,307650,1235,220,853,106,747,417.31,6.46,-24.2
2011-05-01,2011-05,true,739953.00,-8948.23,731004.77,394653,1668,267,1054,111,943,443.62,1.21,20.6
2011-06-01,2011-06,true,737558.98,-13713.84,723845.14,388124,1525,299,990,108,882,483.65,1.86,8.0
2011-07-01,2011-07,true,688219.34,-11407.26,676812.08,399290,1452,236,946,101,845,473.98,1.66,9.9
2011-08-01,2011-08,true,724216.50,-22926.57,701289.93,420695,1339,240,933,107,826,540.86,3.17,6.0
2011-09-01,2011-09,true,1028320.38,-16980.64,1011339.74,568700,1818,299,1259,188,1071,565.63,1.65,20.2
2011-10-01,2011-10,true,1103314.25,-41613.03,1061701.22,619597,2005,308,1361,221,1140,550.28,3.77,-0.7
2011-11-01,2011-11,true,1452115.98,-24991.44,1427124.54,746952,2751,396,1660,191,1469,527.85,1.72,2.3
2011-12-01,2011-12,false,614490.92,-174091.36,440399.56,312647,816,137,614,28,586,753.05,28.33,-41.9
