invoice_month,month_label,region,net_revenue,orders
2009-12-01,2009-12,Europe (ex UK),68645.28,80
2009-12-01,2009-12,Rest of world,173.99,3
2009-12-01,2009-12,United Kingdom,709523.81,1583
2010-01-01,2010-01,Europe (ex UK),124607.55,62
2010-01-01,2010-01,Rest of world,2287.54,5
2010-01-01,2010-01,United Kingdom,476901.60,980
2010-01-01,2010-01,Unspecified,1035.10,2
2010-02-01,2010-02,Europe (ex UK),82613.02,89
2010-02-01,2010-02,Rest of world,4361.65,10
2010-02-01,2010-02,United Kingdom,438359.56,1090
2010-03-01,2010-03,Europe (ex UK),88610.10,116
2010-03-01,2010-03,Rest of world,3390.35,7
2010-03-01,2010-03,United Kingdom,660101.68,1524
2010-04-01,2010-04,Europe (ex UK),85763.42,102
2010-04-01,2010-04,Rest of world,4101.26,4
2010-04-01,2010-04,United Kingdom,546198.47,1328
2010-04-01,2010-04,Unspecified,252.52,1
2010-05-01,2010-05,Europe (ex UK),88940.32,95
2010-05-01,2010-05,Rest of world,2314.97,8
2010-05-01,2010-05,United Kingdom,515043.85,1381
2010-06-01,2010-06,Europe (ex UK),86285.48,105
2010-06-01,2010-06,Rest of world,8430.80,10
2010-06-01,2010-06,United Kingdom,575530.05,1497
2010-07-01,2010-07,Europe (ex UK),73079.87,95
2010-07-01,2010-07,Rest of world,4744.20,8
2010-07-01,2010-07,United Kingdom,535657.64,1402
2010-07-01,2010-07,Unspecified,2379.88,2
2010-08-01,2010-08,Europe (ex UK),90030.86,94
2010-08-01,2010-08,Rest of world,2869.01,4
2010-08-01,2010-08,United Kingdom,568740.25,1304
2010-09-01,2010-09,Europe (ex UK),116903.14,150
2010-09-01,2010-09,Rest of world,6408.35,10
2010-09-01,2010-09,United Kingdom,716277.26,1627
2010-09-01,2010-09,Unspecified,1967.95,2
2010-10-01,2010-10,Europe (ex UK),136421.31,167
2010-10-01,2010-10,Rest of world,7498.69,15
2010-10-01,2010-10,United Kingdom,925064.91,2062
2010-11-01,2010-11,Europe (ex UK),151630.62,198
2010-11-01,2010-11,Rest of world,22289.32,12
2010-11-01,2010-11,United Kingdom,1220153.09,2505
2010-11-01,2010-11,Unspecified,528.77,4
2010-12-01,2010-12,Europe (ex UK),58539.78,103
2010-12-01,2010-12,Rest of world,8620.97,7
2010-12-01,2010-12,United Kingdom,690929.75,1440
2011-01-01,2011-01,Europe (ex UK),108070.09,101
2011-01-01,2011-01,Rest of world,15059.92,13
2011-01-01,2011-01,United Kingdom,455725.18,967
2011-02-01,2011-02,Europe (ex UK),64337.70,93
2011-02-01,2011-02,Rest of world,22222.54,10
2011-02-01,2011-02,United Kingdom,412904.11,990
2011-03-01,2011-03,Europe (ex UK),100239.47,131
2011-03-01,2011-03,Rest of world,17186.59,7
2011-03-01,2011-03,United Kingdom,561903.15,1302
2011-04-01,2011-04,Europe (ex UK),36858.82,78
2011-04-01,2011-04,Rest of world,10151.16,8
2011-04-01,2011-04,United Kingdom,434752.85,1148
2011-04-01,2011-04,Unspecified,299.10,1
2011-05-01,2011-05,Europe (ex UK),102300.08,139
2011-05-01,2011-05,Rest of world,18028.76,9
2011-05-01,2011-05,United Kingdom,609620.06,1518
2011-05-01,2011-05,Unspecified,1055.87,2
2011-06-01,2011-06,Europe (ex UK),101952.78,138
2011-06-01,2011-06,Rest of world,28562.23,7
2011-06-01,2011-06,United Kingdom,593144.35,1379
2011-06-01,2011-06,Unspecified,185.78,1
2011-07-01,2011-07,Europe (ex UK),93586.89,119
2011-07-01,2011-07,Rest of world,15219.68,12
2011-07-01,2011-07,United Kingdom,566586.40,1317
2011-07-01,2011-07,Unspecified,1419.11,4
2011-08-01,2011-08,Europe (ex UK),109315.49,137
2011-08-01,2011-08,Rest of world,30018.73,5
2011-08-01,2011-08,United Kingdom,561424.68,1195
2011-08-01,2011-08,Unspecified,531.03,2
2011-09-01,2011-09,Europe (ex UK),144293.39,175
2011-09-01,2011-09,Rest of world,6543.08,11
2011-09-01,2011-09,United Kingdom,860218.97,1631
2011-09-01,2011-09,Unspecified,284.30,1
2011-10-01,2011-10,Europe (ex UK),162087.20,202
2011-10-01,2011-10,Rest of world,22687.58,14
2011-10-01,2011-10,United Kingdom,876926.44,1789
2011-11-01,2011-11,Europe (ex UK),151722.11,260
2011-11-01,2011-11,Rest of world,15528.80,8
2011-11-01,2011-11,United Kingdom,1258907.88,2481
2011-11-01,2011-11,Unspecified,965.75,2
2011-12-01,2011-12,Europe (ex UK),41554.67,70
2011-12-01,2011-12,Rest of world,498.35,2
2011-12-01,2011-12,United Kingdom,398346.54,744
