weekday_num,weekday,hour_of_day,orders,gross_sales
0,Sun,9,6,2853
0,Sun,10,520,172919
0,Sun,11,848,317775
0,Sun,12,973,345641
0,Sun,13,835,345354
0,Sun,14,677,242468
0,Sun,15,725,277607
0,Sun,16,237,80185
0,Sun,17,3,371
1,Mon,7,14,15830
1,Mon,8,169,90012
1,Mon,9,498,301604
1,Mon,10,727,403874
1,Mon,11,721,372439
1,Mon,12,994,424289
1,Mon,13,931,467749
1,Mon,14,803,373472
1,Mon,15,741,333412
1,Mon,16,445,380048
1,Mon,17,185,232844
1,Mon,18,17,21022
2,Tue,7,17,11442
2,Tue,8,204,116973
2,Tue,9,621,337151
2,Tue,10,807,536991
2,Tue,11,824,517194
2,Tue,12,1109,498808
2,Tue,13,1038,477883
2,Tue,14,839,390750
2,Tue,15,811,483141
2,Tue,16,469,306368
2,Tue,17,294,139759
2,Tue,18,81,48434
2,Tue,19,31,14628
2,Tue,20,2,662
3,Wed,7,11,10111
3,Wed,8,202,87350
3,Wed,9,552,287427
3,Wed,10,836,473636
3,Wed,11,829,415381
3,Wed,12,1212,552585
3,Wed,13,1041,433391
3,Wed,14,941,396754
3,Wed,15,773,356075
3,Wed,16,511,230929
3,Wed,17,203,114756
3,Wed,18,1,992
3,Wed,19,2,2893
3,Wed,20,1,13032
4,Thu,6,1,4
4,Thu,7,22,15991
4,Thu,8,213,120463
4,Thu,9,545,313148
4,Thu,10,848,488706
4,Thu,11,813,418781
4,Thu,12,1137,528143
4,Thu,13,987,401124
4,Thu,14,898,430018
4,Thu,15,840,462622
4,Thu,16,649,299811
4,Thu,17,517,221880
4,Thu,18,360,176772
4,Thu,19,288,107575
4,Thu,20,49,25175
5,Fri,7,12,21655
5,Fri,8,207,107154
5,Fri,9,498,462373
5,Fri,10,819,431544
5,Fri,11,801,381563
5,Fri,12,937,433543
5,Fri,13,799,351892
5,Fri,14,813,381842
5,Fri,15,592,314216
5,Fri,16,315,159174
5,Fri,17,179,105357
5,Fri,18,6,15878
5,Fri,19,9,373
5,Fri,20,1,19
6,Sat,10,6,1060
6,Sat,11,1,230
6,Sat,12,6,2111
6,Sat,13,7,2520
6,Sat,14,3,1131
6,Sat,15,5,1600
6,Sat,16,2,1151
