cohort_label,cohort_month,customers,repeat_within_90d_pct,repeat_within_180d_pct,repeat_within_365d_pct
2009-12,2009-12-01,951,59.3,77.5,89.4
2010-01,2010-01-01,368,52.4,75.0,86.7
2010-02,2010-02-01,375,47.7,65.9,79.2
2010-03,2010-03-01,441,41.3,58.3,76.0
2010-04,2010-04-01,294,38.1,59.9,73.5
2010-05,2010-05-01,255,33.7,57.6,69.0
2010-06,2010-06-01,267,34.5,61.0,68.2
2010-07,2010-07-01,185,43.2,62.7,70.3
2010-08,2010-08-01,163,49.7,55.2,64.4
2010-09,2010-09-01,239,43.1,51.0,63.2
2010-10,2010-10-01,375,38.4,46.7,58.4
2010-11,2010-11-01,326,30.1,39.0,52.8
2010-12,2010-12-01,76,15.8,32.9,
2011-01,2011-01-01,72,40.3,51.4,
2011-02,2011-02-01,125,32.0,48.0,
2011-03,2011-03-01,179,39.7,53.6,
2011-04,2011-04-01,106,37.7,53.8,
2011-05,2011-05-01,111,39.6,55.9,
2011-06,2011-06-01,108,47.2,,
2011-07,2011-07-01,101,50.5,,
2011-08,2011-08-01,107,48.6,,
2011-09,2011-09-01,188,,,
2011-10,2011-10-01,221,,,
2011-11,2011-11-01,191,,,
2011-12,2011-12-01,28,,,
